<jpml id="ARTICLE-front_template">
	<style src="GLOBAL-stylesheet.ejs"/>
    <style src="GRID-stylesheet.ejs"/>
    <style>{
        #page_details: {
            options: {
                tintTitle: true
            }
        }
    }</style>
	<style>{
		#view: {
            top:0,
            bottom:44
        }
    }</style>
	<style>{
		#view: {
			options: {
				background_color: =color.background,
				indent: true
			}
		},
		jpml: {
			background-color: =color.background
		}
	}</style>
    <box id="page_details" embed="pagedescription" />
    <box id="view" embed="article" class="column16-12 positionx1" module="ARTICLE-front_module.xml" />
</jpml>
