<jpml id="ARTICLE-front-narrow_template">
	<style src="GLOBAL-stylesheet.ejs"/>
    <style src="GRID-stylesheet.ejs"/>
    <style>{
        #page_details: {
            options: {
                tintTitle: true
            }
        }
    }</style>
	<style>{
		if: =portrait, then: {
			#view: { 
                top:0,
                height:916,
                options: {
                    indent: true
                }
             }
        }, else: {
            #view : {
				top:0,
				height:662,
                options: {
                    indent: true
                }
			}       
        }
    }</style>
    <box id="page_details" embed="pagedescription" />
    <box id="view" embed="article" class="column16-12 positionx1" module="ARTICLE-front-narrow_module.xml" />
</jpml>