<jpml id="ARTICLE-front-phone_module">
	<style src="GLOBAL-stylesheet.ejs" />
	<style src="GLOBAL_MODULES-stylesheet.ejs" />
	<style src="ARTICLE-stylesheet.ejs" />
	<style src="PHONE-MODULES-stylesheet.ejs" />
	<style>{
		jpml: {
			background-color: =options.background_color
		}
	}</style>
	<style>{
		jpml: { min-height: 0 },
		#body_container: {
			padding: [0, 10, 0, 10],
			flow: article_body
		},
		#media: {
			top: 0,
			left: 0,
			right: 0,
			position: relative
		},
		#media_asset: {
			height: {$min: [{$divide: [=view.width, =media.aspect]}, {$subtract:[=view.height, 220]}]}
		},
		#media_caption: {
			padding: [0, 10]
		},
		#header_top: {padding:[5,10,5,10]},
		.article_body: {
			line-height: {$multiply: [22, =view.zoomlevel]},
			text-align: justify,
			hyphens: auto
		},
		.article_flashline: {
			padding: [14, 0, 8.5, 0],
			border-width: [0, 0, 0.5, 0],
			border-color: #e1e0df
		}
	}</style>

	<p class="article_flashline" embed="flashline"/>
	<box id="media">
		<box id="media_asset" embed="media"/>
		<p id="media_caption"><mark id="mark_caption" /></p>
	</box>
	<panel id="header_top">
		<p class="article_headline"><span embed="headline"/></p>
		<h2 class="article_subhed" embed="subhed" />
	</panel>

	<panel id="body_container">
		<p class="article_byline" embed="byline"></p>
		<p class="article_pubdate">Updated
			<span  embed="pubdate-string"/>
		</p>
		<p class="border-p"><mark class="border-mark"/></p>
		<panel class="article_body" embed="body"/>
	</panel>

</jpml>
