<jpml id="ARTICLE-front-h-slideshow_template">
    <style src="GLOBAL-stylesheet.ejs"/>
    <style src="GRID-stylesheet.ejs"/>
    <style>{
        #page_details: {
            options: {
                tintTitle: true
            }
        }
    }</style>
    <style>{
        #view: { 
            top: 0,
            bottom: 40,
            options: {
                indent: false
            }
        }
    }</style>
    <box id="page_details" embed="pagedescription" />
    <box id="view" embed="article" class="column16-12 positionx1" module="ARTICLE-front-h-slideshow_module.xml" />
</jpml>