<jpml id="CONTINUATION-generic-2_template">
	<style src="GLOBAL-stylesheet.ejs" />
	<style src="GRID-stylesheet.ejs" />
	<style src="CONTINUATION-stylesheet.ejs" />
	<style src="PHONE-stylesheet.ejs" />
	<style src="RAIL-stylesheet.ejs" />
	<style>{
		#page_details: {
			options: {
				tintTitle: true
			}
		}
	}</style>
	<style>{
		$switch: [
	        {if: =scale.phone, then: {
	        }},
	        {if: =portrait, then: {
				#b1 : {
	 				height:960,
					top:0
				},
				#b2 : {
	 				height:960,
					top:0
				}

	        }},
			{if: =landscape, then: {
				#b1 : {
	 				height:706,
					top:0
				},
				#b2 : {
	 				height:706,
					top:0
				}

	        }}
		]
    }</style>
	<box id="page_details" class="tablet_only" embed="pagedescription" />
    <box id="b1" embed="article" class="column8-6 positionx1 positionx1 maude unit_plain" module="CONTINUATION-dynamic_module.xml" />
    <box id="b2" embed="article" class="column8-6 positionx9-7 maude unit_plain" module="CONTINUATION-dynamic_module.xml" />
</jpml>
