<jpml id="CONTINUATION-generic-4_template">
	<style src="GLOBAL-stylesheet.ejs" />
	<style src="GRID-stylesheet.ejs" />
	<style src="CONTINUATION-stylesheet.ejs" />
	<style src="PHONE-stylesheet.ejs" />
	<style src="RAIL-stylesheet.ejs" />
	<style>{
		$switch: [
	        {if: =scale.phone, then: {
	        }},
	        {if: =portrait, then: {
		        #b1 : { 
	 				height:480,
					top:0
				},
				#b2 : { 
	 				height:480,
					top:0
				},
				#b3 : { 
	 				height:480,
					top:480
				},
				#b4 : { 
	 				height:480,
					top:480
				}
			}},
			{if: =landscape, then: {
	        	#b1 : { 
	 				height:353,
					top:0
				},
				#b2 : { 
	 				height:353,
					top:0
				},
				#b3 : { 
	 				height:353,
					top:353
				},
				#b4 : { 
	 				height:353,
					top:353
				}
			}}
		]
    }</style>
    <box id="b1" embed="article" class="column8-6 positionx1 maude unit_plain" module="CONTINUATION-dynamic_module.xml" />    
    <box id="b2" embed="article" class="column8-6 positionx9-7 maude unit_plain" module="CONTINUATION-dynamic_module.xml" />
    <box id="b3" embed="article" class="column8-6 positionx1 maude unit_plain" module="CONTINUATION-dynamic_module.xml" />
    <box id="b4" embed="article" class="column8-6 positionx9-7 maude unit_plain" module="CONTINUATION-dynamic_module.xml" />
</jpml>