<jpml id="CONTINUATION-generic-8_template">
	<style src="GLOBAL-stylesheet.ejs" />
	<style src="GRID-stylesheet.ejs" />
	<style src="CONTINUATION-stylesheet.ejs" />
	<style src="PHONE-stylesheet.ejs" />
	<style src="RAIL-stylesheet.ejs" />
	<style>{
		#page_details: {
			options: {
				tintTitle: true
			}
		}
	}</style>
	<style>{
		$switch: [
	        {if: =scale.phone, then: {
	        }},
	        {if: =portrait, then: {
				#b1 : {
	 				height:240,
					top:0
				},
				#b2 : {
	 				height:240,
					top:0
				},
				#b3 : {
	 				height:240,
					top:240
				},
				#b4 : {
	 				height:240,
					top:240
				},
				#b5 : {
	 				height:240,
					top:480
				},
				#b6 : {
	 				height:240,
					top:480
				},
				#b7 : {
	 				height:240,
					top:720
				},
				#b8 : {
	 				height:240,
					top:720
				}

        	}},
			{if: =landscape, then: {
				#b1 : {
	 				height:235,
					top:0
				},
				#b2 : {
	 				height:235,
					top:0
				},
				#b3 : {
	 				height:235,
					top:0
				},
				#b4 : {
	 				height:235,
					top:0
				},
				#b5 : {
	 				height:235,
					top:235
				},
				#b6 : {
	 				height:235,
					top:235
				},
				#b7 : {
	 				height:235,
					top:235
				},
				#b8 : {
	 				height:235,
					top:235
				}
	        }}
		]
    }</style>
	<box id="page_details" class="tablet_only" embed="pagedescription" />
    <box id="b1" embed="article" class="column4-6 positionx1 maude unit_plain" module="CONTINUATION-dynamic_module.xml" />
    <box id="b2" embed="article" class="column4-6 positionx5-7 maude unit_plain" module="CONTINUATION-dynamic_module.xml" />
    <box id="b3" embed="article" class="column4-6 positionx9-1 maude unit_plain" module="CONTINUATION-dynamic_module.xml" />
    <box id="b4" embed="article" class="column4-6 positionx13-7 maude unit_plain" module="CONTINUATION-dynamic_module.xml" />
    <box id="b5" embed="article" class="column4-6 positionx1 maude unit_plain" module="CONTINUATION-dynamic_module.xml" />
    <box id="b6" embed="article" class="column4-6 positionx5-7 maude unit_plain" module="CONTINUATION-dynamic_module.xml" />
    <box id="b7" embed="article" class="column4-6 positionx9-1 maude unit_plain" module="CONTINUATION-dynamic_module.xml" />
    <box id="b8" embed="article" class="column4-6 positionx13-7 maude unit_plain" module="CONTINUATION-dynamic_module.xml" />
</jpml>
