<jpml id="CONTINUATION-3story-scroll_template">
	<style src="GLOBAL-stylesheet.ejs"/>
    <style src="GRID-stylesheet.ejs"/>
    <style src="ADVERTISING-stylesheet.ejs"/>
    <style src="PHONE-stylesheet.ejs"/>
	<style>{
		#page_details: {
			options: {
				tintTitle: true
			}
		}
	}</style>
    <style>{
		#b1: {
			options:{$switch:[
				{if: =scale.phone, then: {large_headline:true, show_image:true}},
				{if: =portrait, then: {medium_headline:true, show_body:true, tall_image:true}},
				{if: =landscape, then: {medium_headline:true, show_body:true, large_image:true}}
			]
		}},
		#b2: {
			options:{$switch:[
				{if: =portrait, then: {medium_headline:true, top_border:true, show_body:true}},
				{if: =landscape, then: {medium_headline:true, top_border:true, show_body:true, square_image:true}}
			]
		}},
		#b3: {
			options:{$switch:[
				{if: =scale.phone, then: {small_headline:true}},
				{if: =portrait, then: {medium_headline:true, top_border:true, show_body:true}},
				{if: =landscape, then: {medium_headline:true, top_border:true, square_image:true, show_body:true}}
			]
		}},
		#rail_content: {
			options: {
				filename: { $join: [=page.section, "-article_list.jpml"] },
				bottom_gradient: #fff
			},
			height:{if: =landscape, then:569, else:964}
		}

	}</style>
	<style> {
		$switch: [
			{if: =scale.phone, then: {

			}},
			{if: =portrait, then: {
				#b1:	{
						top:0,
						height:490
				},
				#b2:	{
					top:495,
					height:156
				},
				#b3:	{
						top:652,
						height:155
				}


			}},
			{if: =landscape, then: {
				#b1:	{
					top:0,
					height:345
				},
				#b2:	{
					top:355,
					height:206
				},
				#b3:	{
					top:355,
					height:206
				}

			}}
		]
	} </style>
	<box id="page_details" embed="pagedescription" />
	<box id="b1" embed="article" class="column12-8 positionx1 maude unit_plain" module="LEFT-IMAGE_module.xml" />
	<box id="b2" embed="article" class="column6-8 positionx1 maude unit_plain" module="RIGHT-IMAGE_module.xml" />
	<box id="b3" embed="article" class="column6-8 positionx7-1 maude unit_plain" module="RIGHT-IMAGE_module.xml" />
	<box id="rail_content" class="column4 positionx13-9" embed="list" />
	<box id="front_page" class="positionx_full column_full maude unit_ad">
		<box id="banner_ad" class="ad-banner front_ad" embed="advertisement" />
	</box>

</jpml>
