<jpml id="CONTINUATION-dynamic_module">
	<style src="GLOBAL-stylesheet.ejs" />
	<style src="GLOBAL_MODULES-stylesheet.ejs" />
	<style src="PHONE-MODULES-stylesheet.ejs" />

	<style>{
		jpml: {
			background-color: =options.background_color,
			border-color: #d8d8d8
		},
		#page_details: {
			options: {
				tintTitle: true
			}
		}
	}</style>
    <style>{
		jpml: {
			if: =options.show_strap,
			then: {
			},
			else: {
				padding: {if: =scale.phone, then: [0, 8]}
			}
		},
		#content: {
			if: =options.show_strap,
			then: {
				padding: {if: =scale.phone, then: [16, 8, 0, 8]}
			},
			else: {
				if: =options.hide_border, else: {
					padding: [{if: =options.show_body, then: 9.5, else: 0.5}, 0, 0, 0],
					border-width: [0.5, 0, 0, 0],
					border-color: #d8d8d8
				}
			}
		},
		#vertical: {
			if: =options.show_body,
			then: {
			},
			else: {
				vertical-align: middle
			}
		},
		#image_container: {
			width: 111,
			padding: [0, 0, 0, 8],
			image-scale: 0.5,
			anchor-x: right
		},
		image: {
			height: 111
		},
		.key: {
			display: {
				if-all: [=issue.locked, =article.paid],
				then: { if: =options.show_body, then: none, else: default },
				else: none
			}
		},
		.body: {
			display: { if: =options.show_body, else: none }
		},
		.red: { background-color: red},
		.green: { background-color: green},
		.blue: { background-color: blue}
    }</style>
    <style>{
    	if: =scale.phone, then: {
			.module_headline: {
				padding: { if: =options.show_body, else: [4, 0, 0, 0] },
				color:{if: =article.read, then: color.articleReadColor}
			}
    	}, else: {
    		#strap: {
    			display: none
    		},
    		#image_container: {
    			display: none
    		}
    	}
    }</style>
	<box id="page_details" embed="pagedescription" />
	<panel id="strap">
		<p class="subsection"><mark id="m_subsection"/></p>
	</panel>
	<panel id="content">
	 	<box id="image_container" embed="deco-image">
			<image embed="summary-image" target-width="76" target-height="76" />
		</box>
		<panel id="vertical">
			<p id="headline" class="module_headline"><mark class="m_headline" /><mark class="key" /></p>
		</panel>
        <panel class="body">
        	<p id="body-first-p"><mark class="body-first-p-mark" /><mark class="module_summary" /></p>
        </panel>
	</panel>
</jpml>
