<jpml id="CONTINUATION-6story-magazine-promo_template">
	<style src="GLOBAL-stylesheet.ejs" />
	<style src="GRID-stylesheet.ejs" />
	<style src="ADVERTISING-stylesheet.ejs"/>
<style src="PHONE-stylesheet.ejs" />
<style src="RAIL-stylesheet.ejs" />
	<style>{
    	#page_details: {
			display: inherit,
			frame: [0, 0, 10, 10],
			options: {
				title: "Inside WSJ.",
				tintTitle: true
			}
		}
	}</style>
	<style>{
		$switch: [
	        {if: =scale.phone, then: {
	        }},
	        {if: =scale.rail, then: {
	        }},
	        {if: =portrait, then: {
	            #b1 : {
					height:420,
					top:0,
					options: {
						large_headline: true,
						top_image: true,
						show_top_flashline: true,
						show_body: true
					}
				},
	            #b2 : {
					height:420,
					top:0,
					options: {
						large_headline: true,
						top_image: true,
						show_top_flashline: true,
						show_body: true
					}
				},
	            #b3 : {
					height:190,
					top:420,
					options: {
						top_border: true,
						squarish_image: true,
						show_top_flashline: true,
						show_body: true
					}
				},
				#b4 : {
					height:190,
					top:420,
					options: {
						top_border: true,
						squarish_image: true,
						show_top_flashline: true,
						show_body: true
					}
				},
				#b5 : {
					height:190,
					top:620,
					options: {
						top_border: true,
						squarish_image: true,
						show_top_flashline: true,
						show_body: true
					}
				},
				#b6 : {
					height:190,
					top:620,
					options: {
						top_border: true,
						squarish_image: true,
						show_top_flashline: true,
						show_body: true
					}
				}
	        }},
			{if: =landscape, then: {
	            #b1 : {
					height:260,
					top:0,
					options: {
						large_headline: true,
						show_top_flashline: true,
						show_body: true
					}
				},
	            #b2 : {
					height:270,
					top:270,
					options: {
						large_headline: true,
						top_border: true,
						show_top_flashline: true,
						show_body: true
					}
				},
	            #b3 : {
					height:260,
					top:0,
					options: {
						top_image: true,
						show_top_flashline: true,
						show_body: true
					}
				},
				#b4 : {
					height:260,
					top:0,
					options: {
						top_image: true,
						show_top_flashline: true,
						show_body: true
					}
				},
				#b5 : {
					height:270,
					top:270,
					options: {
						top_image: true,
						top_border: true,
						show_top_flashline: true,
						show_body: true
					}
				},
				#b6 : {
					height:270,
					top:270,
					options: {
						top_image: true,
						top_border: true,
						show_top_flashline: true,
						show_body: true
					}
				}
	        }}
		]
    }</style>
    <box id="page_details" class="tablet_only" embed="pagedescription" />
    <box id="b1" embed="article" class="column8-6 positionx1 maude unit_plain" module="LEFT-IMAGE_module.xml" />
    <box id="b2" embed="article" class="column8-6 positionx1-7 maude unit_plain" module="LEFT-IMAGE_module.xml" />
    <box id="b3" embed="article" class="column4-6 positionx9-1 maude unit_plain" module="LEFT-IMAGE_module.xml" />
    <box id="b4" embed="article" class="column4-6 positionx13-7 maude unit_plain" module="LEFT-IMAGE_module.xml" />
    <box id="b5" embed="article" class="column4-6 positionx9-1 maude unit_plain" module="LEFT-IMAGE_module.xml" />
    <box id="b6" embed="article" class="column4-6 positionx13-7 maude unit_plain" module="LEFT-IMAGE_module.xml" />
	<box id="front_page" class="tablet_only positionx_full column_full maude unit_ad">
		<box id="banner_ad" class="ad-banner front_ad" embed="advertisement" />
	</box>
</jpml>
