<jpml id="CONTINUATION-5story-scroll_template">
	<style src="GLOBAL-stylesheet.ejs"/>
    <style src="GRID-stylesheet.ejs"/>
    <style src="PHONE-stylesheet.ejs"/>
	<style>{
		#page_details: {
			options: {
				tintTitle: true
			}
		}
	}</style>
    <style>{
		#b1: {
			options:{$switch:[
				{if: =scale.phone, then: {large_headline:true, show_image:true}},
				{if: =portrait, then: {medium_headline:true, show_image:true}},
				{if: =landscape, then: {medium_headline:true, show_image:true}}
			]
		}},
		#b2: {
			options:{$switch:[
				{if: =portrait, then: {medium_headline:true, top_border:true}},
				{if: =landscape, then: {medium_headline:true}}
			]
		}},
		#b3: {
			options:{$switch:[
				{if: =scale.phone, then: {small_headline:true}},
				{if: =portrait, then: {medium_headline:true, top_border:true}},
				{if: =landscape, then: {medium_headline:true, top_border:true}}
			]
		}},
		#b4: {
			options:{$switch:[
				{if: =scale.phone, then: {small_headline:true}},
				{if: =portrait, then: {medium_headline:true, top_border:true, show_body:true, small_image:true}},
				{if: =landscape, then: {medium_headline:true, top_border:true, show_body:true, square_image:true}}
			]
		}},
		#b5: {
			options:{$switch:[
				{if: =scale.phone, then: {small_headline:true}},
				{if: =portrait, then: {medium_headline:true, top_border:true, show_body:true, small_image:true}},
				{if: =landscape, then: {medium_headline:true, top_border:true, show_body:true, square_image:true}}
			]
		}},
		#rail_content: {
			options: {
				filename: { $join: [=page.section, "-article_list.jpml"] },
				bottom_gradient: #fff
			}
		}

	}</style>
	<style> {
		$switch: [
			{if: =scale.phone, then: {

			}},
			{if: =portrait, then: {
				#b1:	{
						top:0,
						height:434
				},
				#b2:	{
					top:441,
					height:235
				},
				#b3:	{
						top:441,
						height:235
				},
				#b4:	{
					top:682,
					height:225

				},
				#b5:	{
					top:682,
					height:225

				}

			}},
			{if: =landscape, then: {
				#b1:	{
					top:0,
					height:414
				},
				#b2:	{
					top:0,
					height:202
				},
				#b3:	{
					top:205,
					height:215
				},
				#b4:	{
					top:428,
					height:220
				},
				#b5:	{
					top:428,
					height:220
				}

			}}
		]
	} </style>
	<box id="page_details" embed="pagedescription" />
	<box id="b1" embed="article" class="column8 positionx1 maude unit_plain" module="TOP-IMAGE_module.xml" />
	<box id="b2" embed="article" class="column4 positionx9-1 maude unit_plain" module="TOP-IMAGE_module.xml" />
	<box id="b3" embed="article" class="column4 positionx9-5 maude unit_plain" module="TOP-IMAGE_module.xml" />
	<box id="b4" embed="article" class="column6-4 positionx1 maude unit_plain" module="RIGHT-INSET-IMAGE_module.xml" />
	<box id="b5" embed="article" class="column6-4 positionx7-5 maude unit_plain" module="RIGHT-INSET-IMAGE_module.xml" />
	<box id="rail_content" class="column4 positionx13-9" embed="list" />
</jpml>
