<jpml id="CONTINUATION-generic-16_template">
	<style src="GLOBAL-stylesheet.ejs" />
	<style src="GRID-stylesheet.ejs" />
	<style src="CONTINUATION-stylesheet.ejs" />
	<style src="PHONE-stylesheet.ejs" />
	<style src="RAIL-stylesheet.ejs" />
	<style>{
		#page_details: {
			options: {
				tintTitle: true
			}
		}
	}</style>
	<style>{
		$switch: [
	        {if: =scale.phone, then: {
	        }},
	        {if: =portrait, then: {
				#b1 : {
	 				height:240,
					top:0
				},
				#b2 : {
	 				height:240,
					top:0
				},
				#b3 : {
	 				height:240,
					top:0
				},
				#b4 : {
	 				height:240,
					top:0
				},
				#b5 : {
	 				height:240,
					top:240
				},
				#b6 : {
	 				height:240,
					top:240
				},
				#b7 : {
	 				height:240,
					top:240
				},
				#b8 : {
	 				height:240,
					top:240
				},
				#b9 : {
	 				height:240,
					top:480
				},
				#b10 : {
	 				height:240,
					top:480
				},
				#b11 : {
	 				height:240,
					top:480
				},
				#b12 : {
	 				height:240,
					top:480
				},
				#b13 : {
	 				height:240,
					top:720
				},
				#b14 : {
	 				height:240,
					top:720
				},
				#b15 : {
	 				height:240,
					top:720
				},
				#b16 : {
	 				height:240,
					top:720
				}

        	}},
			{if: =landscape, then: {
				#b1 : {
	 				height:235,
					top:0
				},
				#b2 : {
	 				height:235,
					top:0
				},
				#b3 : {
	 				height:235,
					top:0
				},
				#b4 : {
	 				height:235,
					top:0
				},
				#b5 : {
	 				height:235,
					top:0
				},
				#b6 : {
	 				height:235,
					top:0
				},
				#b7 : {
	 				height:235,
					top:0
				},
				#b8 : {
	 				height:235,
					top:0
				},
				#b9 : {
	 				height:235,
					top:235
				},
				#b10 : {
	 				height:235,
					top:235
				},
				#b11 : {
	 				height:235,
					top:235
				},
				#b12 : {
	 				height:235,
					top:235
				},
				#b13 : {
	 				height:235,
					top:235
				},
				#b14 : {
	 				height:235,
					top:235
				},
				#b15 : {
	 				height:235,
					top:235
				},
				#b16 : {
	 				height:235,
					top:235
				}
	        }}
		]
    }</style>
	<box id="page_details" class="tablet_only" embed="pagedescription" />
    <box id="b1" embed="article" class="column2-3 positionx1 maude unit_plain" module="CONTINUATION-dynamic_module.xml" />
    <box id="b2" embed="article" class="column2-3 positionx3-4 maude unit_plain" module="CONTINUATION-dynamic_module.xml" />
    <box id="b3" embed="article" class="column2-3 positionx5-7 maude unit_plain" module="CONTINUATION-dynamic_module.xml" />
    <box id="b4" embed="article" class="column2-3 positionx7-10 maude unit_plain" module="CONTINUATION-dynamic_module.xml" />
    <box id="b5" embed="article" class="column2-3 positionx9-1 maude unit_plain" module="CONTINUATION-dynamic_module.xml" />
    <box id="b6" embed="article" class="column2-3 positionx11-4 maude unit_plain" module="CONTINUATION-dynamic_module.xml" />
    <box id="b7" embed="article" class="column2-3 positionx13-7 maude unit_plain" module="CONTINUATION-dynamic_module.xml" />
    <box id="b8" embed="article" class="column2-3 positionx15-10 maude unit_plain" module="CONTINUATION-dynamic_module.xml" />
    <box id="b9" embed="article" class="column2-3 positionx1 maude unit_plain" module="CONTINUATION-dynamic_module.xml" />
    <box id="b10" embed="article" class="column2-3 positionx3-4 maude unit_plain" module="CONTINUATION-dynamic_module.xml" />
    <box id="b11" embed="article" class="column2-3 positionx5-7 maude unit_plain" module="CONTINUATION-dynamic_module.xml" />
    <box id="b12" embed="article" class="column2-3 positionx7-10 maude unit_plain" module="CONTINUATION-dynamic_module.xml" />
    <box id="b13" embed="article" class="column2-3 positionx9-1 maude unit_plain" module="CONTINUATION-dynamic_module.xml" />
    <box id="b14" embed="article" class="column2-3 positionx11-4 maude unit_plain" module="CONTINUATION-dynamic_module.xml" />
    <box id="b15" embed="article" class="column2-3 positionx13-7 maude unit_plain" module="CONTINUATION-dynamic_module.xml" />
    <box id="b16" embed="article" class="column2-3 positionx15-10 maude unit_plain" module="CONTINUATION-dynamic_module.xml" />
</jpml>
