<jpml id="CONTINUATION-generic-1_template">
   	<style src="GLOBAL-stylesheet.ejs" />
	<style src="GRID-stylesheet.ejs" />
	<style src="CONTINUATION-stylesheet.ejs" />
   	<style src="PHONE-stylesheet.ejs" />
	<style src="RAIL-stylesheet.ejs" />
       <style>{
           #page_details: {
               options: {
                   tintTitle: true
               }
           }
       }</style>
 	<style>{
		$switch:[
	        {if: =scale.phone, then: {
	        }},
			{if: =portrait, then: {
	            #b1 : {
	 				height:960,
					top:0
				}
	        }},
			{if: =landscape, then: {
	            #b1 : {
	 				height:706,
					top:0
				}
	        }}
		]
    }</style>
    <box id="page_details" class="tablet_only" embed="pagedescription" />
    <box id="b1" embed="article" class="column16-12 positionx1 maude unit_plain" module="CONTINUATION-dynamic_module.xml" />
</jpml>
