<jpml id="DECO_module">
	<style src="GLOBAL-stylesheet.ejs" />
	<style src="GLOBAL_MODULES-stylesheet.ejs" />
	<style>{
			image:{
				width:=view.width,
				height: {$subtract:[=view.height, 1]},
				image-scale: {if: =options.full_screen, then:.9, else:1}

			},
			#deco_caption_container: {
				background-color:"rgba(0, 0, 0, .5)",
				padding:[12, 14, 5, 14],
				anchor-y: { if: =options.caption_top, then: top, else: bottom },
				display:{if: =options.no_caption, then:none, else:inherit}
			},
            .deco_headline: { 
				font-size: {$switch: [
					{if: =options.large_headline, then:36},
					{if: =options.medium_headline, then:24},
					18
				]},
				line-height: {$switch: [
					{if: =options.large_headline, then:36},
					{if: =options.medium_headline, then:24},
					18
				]}
			},
			.deco_caption: {
				line-clamp: {if: =options.one_line_caption, then:1}
			}
	}</style>
			<box id="deco_container" embed="deco-image">
				<image embed="summary-image" />
				<box id="deco_caption_container">
					<p id="headline" class="deco_headline"><mark class="m_headline" /><mark class="key" /></p>
					<p class="deco_caption" embed="subhed" />
				</box>
			</box>

</jpml>
