<jpml id="FRONT-6story-Vimage-deco_template">
	<style src="GLOBAL-stylesheet.ejs" />
	<style src="GRID-stylesheet.ejs"/>
	<style src="ADVERTISING-stylesheet.ejs"/>
	<style src="FRONT-stylesheet.ejs"/>
	<style src="PHONE-stylesheet.ejs"/>
    <style src="RAIL-stylesheet.ejs" />    
	<style>{
		#page_details: {
            options: {
                hideHeaderBorder: true
            }
        }
    }</style>
	<style> {
		$switch: [
            {if: =scale.phone, then: {
        
            }},
            {if: =portrait, then: {
                #b1:	{
                    top:20,
                    height:400,
                    options:{large_headline:true}
                },
                #deco:	{
                    top:20,
                    height:400,
                    options:{medium_headline:true}
                },
                #b2:	{
                    top:430,
                    height:254,
                    options:{medium_headline:true, top_border:true}
                },
                #b3:	{
                    top:430,
                    height:254,
                    options:{medium_headline:true, top_border:true}
                },
                #b4: {
                    top:430,
                    height:254,
                    options:{medium_headline:true, top_border:true}
                },
                #b5: {
                    top:690,
                    height:125,
                    options:{medium_headline:true, bottom_align:true, show_byline:false, top_border:true}
                }
            }},
            {if: =landscape, then: {
                #b1:	{
                    top:20,
                    height:350,
                    options:{large_headline:true}
                },
                #deco:	{
                    top:20,
                    height:400,
                    options:{medium_headline:true}
                },
                #b2:	{
                    top:20,
                    height:260,
                    options:{medium_headline:true}
                },
                #b3:	{
                    top:290,
                    height:270,
                    options:{medium_headline:true, top_border:true}
                },
                #b4:	{
                    top:440,
                    height:120,
                    options:{medium_headline:true, top_border:true}
                },
                #b5:	{
                    top:380,
                    height:185,
                    options:{medium_headline:true, top_border:true, show_byline:false}
                }
            }}
		]
    } </style>
    <box id="page_details" class="tablet_only" embed="pagedescription" />
	<box class="tablet_only latest_news_box positionx1">
        <p class="latest_news">
            <a href="//NOW/LATEST_NEWS">LATEST NEWS &#187;</a>
        </p>
	</box>
	<box id="marketstrap" class="tablet_only" embed="marketstrap">
		<box id="marketstrapinner">
			<panel id="marketstrappanel">
				<p id="marketstrapp1"><strong class="marketstrapstrong">DJIA</strong> 31337.42 +89.01 <mark class="marketstraparrow"/> 2.34%</p>
				<p id="marketstrapp2"><strong class="marketstrapstrong">NASDAQ</strong> 5678.90 +12.34 <mark class="marketstraparrow"/> 5.67%</p>
				<p id="marketstrapp3"><strong class="marketstrapstrong">S&amp;P 500</strong> 1234.56 +7.89 <mark class="marketstraparrow"/> 0.12%</p>
			</panel>
		</box>
	</box>
	<box id="whatsnewsheader" class="tablet_only column3 positionx1"><p><mark id="whatsnewsheadertext"/></p></box>
	<box id="whatsnews" class="tablet_only column3 positionx1" embed="list">
	</box>
	<box id="b1" embed="article" class="column4-3 positionx13-10 maude unit_plain" module="TOP-IMAGE_module.xml" />
	<box id="deco" embed="article" class="column6 positionx7-4 maude unit_deco" module="DECO_module.xml" />
	<box id="b2" embed="article" class="column3 positionx4 maude unit_plain" module="TOP-IMAGE_module.xml" />
	<box id="b3" embed="article" class="column3 positionx4-7 maude unit_plain" module="TOP-IMAGE_module.xml" />
	<box id="b4" embed="article" class="column6-3 positionx7-10 maude unit_plain" module="TOP-IMAGE_module.xml" />
	<box id="b5" embed="article" class="column4-9 positionx13-4 maude unit_plain" module="AHED_module.xml" />
	<box id="front_page" class="tablet_only positionx_full column_full maude unit_ad">
		<box id="banner_ad" class="ad-banner front_ad" embed="advertisement" />
	</box>
    
</jpml>
