<jpml id="GENERIC-fullpagead-template">
    <style src="GLOBAL-stylesheet.ejs" />
    <style src="PHONE-stylesheet.ejs" />
    <style src="ADVERTISING-stylesheet.ejs" />
	<style>{
        if: =scale.phone, and: =intent.section, then: {
            #fullpage_container: {
                display: none
            }
        }, else:{
            #fullpage_container: {
                display: inherit
            },
			#ad_background: {
				display:none
			}

		}
    }</style>
    <style>{
        jpml: {
            min-height:0
        }

    }</style>
    <box id="fullpage_container">
        <box id="fullpage_ad" class="ad-fullpage" embed="fullpagead" />
    </box>
</jpml>
