<jpml id="OPINION-2story-deco_template">
   	<style src="GLOBAL-stylesheet.ejs" />
    <style src="GRID-stylesheet.ejs"/>
	<style src="ADVERTISING-stylesheet.ejs"/>
    <style src="PHONE-stylesheet.ejs"/>
	<style src="RAIL-stylesheet.ejs" />
    <style>{
        #page_details: {
            options: {
                tintTitle: true
            }
        }
    }</style>
	<style> {
		$switch: [
			{if: =scale.rail, then: {

			}},
			{if: =portrait, then: {
				#deco: {
					top:0,
					height:545,
					options:{large_headline:true, show_image:true, one_line_caption:true}
				},
				#b1: {
					top:559,
					height:260,
					options:{medium_headline:true, show_body:true, show_flashline:true, small_image:true, show_opinion_dek:true}
				},
				#b2: {
					top:559,
					height:260,
					options:{medium_headline:true, show_body:true, show_flashline:true, small_image:true, show_opinion_dek:true}
				}
			}},
			{if: =landscape, then: {
				#deco: {
					top:0,
					height:545,
					options:{large_headline:true, show_image:true, one_line_caption:true}
				},
				#b1: {
					top:0,
					height:280,
					options:{medium_headline:true, show_body:true, show_flashline:true, small_image:true, show_opinion_dek:true}
				},
				#b2: {
					top:295,
					height:240,
					options:{medium_headline:true, show_body:true, show_flashline:true, small_image:true, show_opinion_dek:true}
				}
			}}
		]
	} </style>
    <box id="page_details" class="tablet_only" embed="pagedescription" />
	<box id="b1" embed="article" class="column4-6 positionx13-1 maude unit_plain" module="TOP-IMAGE_module.xml" />
	<box id="deco" embed="article" class="column12 positionx1 maude unit_deco" module="DECO_module.xml" />
	<box id="b2" embed="article" class="column4-6 positionx13-7 maude unit_plain" module="TOP-IMAGE_module.xml" />
	<box id="front_page" class="tablet_only positionx_full column_full maude unit_ad">
		<box id="banner_ad" class="ad-banner front_ad" embed="advertisement" />
	</box>

</jpml>
