<jpml id="OPINION-6story-deco_template">
	<style src="GLOBAL-stylesheet.ejs" />
	<style src="GRID-stylesheet.ejs"/>
	<style src="ADVERTISING-stylesheet.ejs"/>
	<style src="PHONE-stylesheet.ejs"/>
	<style src="RAIL-stylesheet.ejs" />
	<style>{
		#page_details: {
			options: {
				tintTitle: true
			}
		}
	}</style>
    <style>{
		$switch:[
			{if: =scale.rail, then: {
			}},
			{if: =portrait, then: {
				#b1: {
					top:383,
					height:235,
					options:{rando_header:true, top_border:true}
				},
				#b2: {
					top:618,
					height:189,
					options:{top_border:true}
				},
				#deco: {
					top:0,
					height:363,
					options:{medium_headline:true, show_byline:true, show_flashline:true}
				},
				#b3: {
					top:0,
					height:188,
					options:{medium_headline:true, show_byline:true, show_flashline:true}
				},
				#b4: {
					top:188,
					height:198,
					options:{medium_headline:true, show_byline:true, show_flashline:true, top_border:true}
				},
				#b5: {
					top:386,
					height:198,
					options:{medium_headline:true, show_byline:true, show_flashline:true, top_border:true}
				},
				#b6: {
					top:584,
					height:212,
					options:{medium_headline:true, show_byline:true, show_flashline:true, top_border:true}
				}
			}},
			{if: =landscape, then: {
				#b1: {
					top:0,
					height:210,
					options:{rando_header:true}
				},
				#b2: {
					top:210,
					height:177,
					options:{top_border:true}
				},
				#deco: {
					top:0,
					height:363,
					options:{medium_headline:true, show_byline:true, show_flashline:true}
				},
				#b3: {
					top:392,
					height:176,
					options:{medium_headline:true, show_byline:true, show_flashline:true, top_border:true}
				},
				#b4: {
					top:392,
					height:176,
					options:{medium_headline:true, show_byline:true, show_flashline:true, top_border:true}
				},
				#b5: {
					top:392,
					height:176,
					options:{medium_headline:true, show_byline:true, show_flashline:true, top_border:true}
				},
				#b6: {
					top:392,
					height:176,
					options:{medium_headline:true, show_byline:true, show_flashline:true, top_border:true}
				}
			}}
		]
    }</style>
	<box id="page_details" class="tablet_only" embed="pagedescription" />
	<box id="b1" embed="article" class="column8 positionx1 maude unit_rando" module="OPINION-RANDO-LETTERS_module.xml" />
	<box id="b2" embed="article" class="column8 positionx1 maude unit_rando" module="OPINION-RANDO-LETTERS_module.xml" />
	<box id="deco" embed="article" class="column8 positionx9-1 maude unit_deco" module="DECO_module.xml" />
	<box id="b3" embed="article" class="column4 positionx1-9 maude unit_plain" module="TOP-IMAGE_module.xml" />
	<box id="b4" embed="article" class="column4 positionx5-9 maude unit_plain" module="TOP-IMAGE_module.xml" />
	<box id="b5" embed="article" class="column4 positionx9 maude unit_plain" module="TOP-IMAGE_module.xml" />
	<box id="b6" embed="article" class="column4 positionx13-9 maude unit_plain" module="TOP-IMAGE_module.xml" />
	<box id="front_page" class="tablet_only positionx_full column_full maude unit_ad">
		<box id="banner_ad" class="ad-banner front_ad" embed="advertisement" />
	</box>




</jpml>
