<jpml id="SECTION-7story_template">
	<style src="GLOBAL-stylesheet.ejs" />
    <style src="GRID-stylesheet.ejs"/>
	<style src="ADVERTISING-stylesheet.ejs"/>
    <style src="PHONE-stylesheet.ejs"/>
	<style src="RAIL-stylesheet.ejs" />
	<style>{
		#page_details: {
			options: {
				tintTitle: true
			}
		}
	}</style>
    <style>{
    	#ad_placeholder: {
			display: inherit,
			frame: [0, 0, 10, 10]
		},
    	#marketstrap: {
    		display: {if: =page.section, equals: "TOP_NEWS", else: none},
    		position: relative
    	},
		#b2 : {
			height: =size.continuation_height_large,
			options: { show_body: true }
		},
		#b3 : {
			height: =size.continuation_height_large,
			options: { show_body: true }
		},
		#b4 : {
			bind: none,
			height: =size.continuation_height_normal
		},
		#b5 : {
			bind: none,
			height: =size.continuation_height_normal
		},
		#b6 : {
			bind: none,
			height: =size.continuation_height_normal
		},
		#b7 : {
			bind: none,
			height: =size.continuation_height_normal
		}
	}</style>
	<box id="page_details" embed="pagedescription" />
	<box id="ad_placeholder" class="ad-banner" embed="pagedescription" />
	<box id="marketstrap" embed="marketstrap" />
	<box id="b1" embed="article" class="maude unit_plain" module="TOP-IMAGE_module.xml" />
	<box id="b2" embed="article" class="maude unit_plain" module="CONTINUATION-dynamic_module.xml" />
	<box id="b3" embed="article" class="maude unit_plain" module="CONTINUATION-dynamic_module.xml" />
	<box id="b4" embed="article" class="maude unit_plain" module="CONTINUATION-dynamic_module.xml" />
	<box id="b5" embed="article" class="maude unit_plain" module="CONTINUATION-dynamic_module.xml" />
	<box id="b6" embed="article" class="maude unit_plain" module="CONTINUATION-dynamic_module.xml" />
	<box id="b7" embed="article" class="maude unit_plain" module="CONTINUATION-dynamic_module.xml" />
</jpml>
